geo_loc_name	count	center_latitude	center_longitude	radius_meters	status	inferred_lat	inferred_lon
Arctic Ocean: Hook Island	4	80.33333333247501	52.783333332474996	0.0	success	-20.1189023	148.9134288
Arctic Ocean: Luigi island	4	80.7666666667	54.65	0	success	80.7955118	54.8999691
Australia: New South Wales, Botany Bay, Bare Island	6	-33.99138	151.232539	0	success	-33.9920391	151.2312215
Australia: Victoria , Melbourne	28	-37.796972960817236	144.95895892649094	0.0	success	-37.8142454	144.9631732
Australia: Western Australia, Two Peoples Bay Nature Reserve	3	-34.950556	118.10083300000001	0.0	success	-34.9871658	118.16462
Brazil: Macapa	3	-0.09716666666666667	-51.04143333333334	3708.0	success	0.0401529	-51.0569588
Brazil: Obidos	2	-1.919	-55.5257	0	success	-1.901072	-55.520812
Brazil: Santarem	3	-2.4843	-55.0075	0	success	-2.438489	-54.699611
Cameroon: Lobeke National Park	1	2.2232	16.1901	0	success	2.3041955	15.8658669
Canada: British Columbia	3	50.283433333333335	-120.51283333333333	120309.2	success	55.001251	-125.002441
Canada: Nova Scotia, Bay of Fundy	4	44.6595	-66.2165	2037.3	success	44.8512466	-66.1977817
Canada: Tsiigehtchic, Northwest Territories	3	67.4333	-133.75	0	success	67.4420369	-133.742319
Canada: Winnipeg, Manitoba	1	49.8687	-97.408	0	success	49.8844723	-97.1468149
Congo: Brazzaville	11	-4.309199999999999	15.235600000000003	0.0	success	-0.7264327	15.6419155
Congo: Epena	1	1.3199	17.4402	0	success	0.8727377	17.1913954
Congo: Likouala	1	2.0589	18.0605	0	success	1.6788828	17.4747723
Congo: Moembe	1	-2.9134	15.6292	0	success	-2.9146722	15.6305651
Congo: Oyo	1	-1.1578	15.9672	0	success	-1.1603788	15.9735205
Costa Rica: Carara National Park	12	9.778416666666665	-84.60591000000001	203.2	success	9.7900999	-84.5709133
Costa Rica: Puerto Viejo, La Selva Biological Station	16	10.431121875	-84.00762	875.1	success	10.4246602	-84.0064343
DEU: Brandenburg	3	52.476254000000004	13.625943999999999	0.0	success	52.8455492	13.2461296
Germany: Brandenburg	1	52.4762	13.6259	0	success	52.8455492	13.2461296
Germany: Nordrhein-Westfalen, Cologne	28	50.95966328263345	6.860186268125374	0.0	success	50.938361	6.959974
Germany: Nordrhein-Westfalen, Julich	28	50.91020354498824	6.414313738007793	0.0	success	50.9220931	6.3611015
Honduras: Lago de Yojoa	13	14.871592307692309	-87.99619230769233	7027.5	success	14.8662786	-87.9767044
ISR: Golan Heights	1	32.899396	35.613661	0	success	33.0408017	35.7392885
Israel: Golan Heights	5	32.8993	35.6136	0	success	33.0408017	35.7392885
Italy: San Benigno Canavese, Piedmont	2	45.2476	7.8043	0	success	45.227052	7.785021
KOR: Busan	3	35.1634	128.9646	0	success	35.1799528	129.0752365
Malawi: Zomba	6	15.2769	35.3989	0	success	-15.3863208	35.3268273
Mexico: Baja California Sur, Guerrero Negro	1	27.8	-114.05	0	success	27.9709506	-114.036389
Mongolia	12	51.01	100.45000000000003	0.0	success	46.8250388	103.8499736
NOR: Luster Municipality	4	61.6754	7.21196	0	success	43.4651517	-80.5218689
Namibia	19	-23.455607894742105	15.099359649121054	109110.4	success	-23.2335499	17.3231107
Nepal: Mustang Region	14	28.721264169285718	83.91442104857141	39.6	success	29.2041398	83.7964807
Northeast Atlantic Ocean	2	25.20008	-37.342535	41125.0	success	-3.72122	-38.5108114
Puerto Rico: Adjuntas, Adjuntas	1	18.1741	-66.7996	0	success	18.1625596	-66.7231363
Puerto Rico: Naguabo, Naguabo	1	18.2758	-65.7853	0	success	18.2114755	-65.7362104
Puerto Rico: Rio Grande	105	18.32099999999997	-65.81720000000014	0.0	success	18.3474409	-65.8163814
Republic of Kiribati: Starbuck Island	4	-5.641667	-155.877778	0	success	-5.6430789	-155.8735282
Russia: Krasnoyarsk Krai	2	69.3833	86.15	0	success	63.3233807	97.0979974
Russia: Sakha Republic	4	67.75829999999999	142.3333	819255.4	success	66.941626	129.642371
Russia: Yamalo-Nenets Autonomous Okrug	3	66.5166	66.6	0	success	67.1471631	74.3415488
Santa Barbara, CA, United States	1	34.4149	-119.841	0	success	34.4221319	-119.702667
Singapore	11	1.3712557411818185	103.74115017272729	9402.5	success	1.357107	103.8194992
Singapore: Bukit Timah Nature Reserve	3	1.352028	103.781694	0	success	1.3540779	103.7794401
Singapore: West Coast Park	3	1.29545	103.763964	0	success	1.2883533	103.7732812
Thailand: Chiang Ma	1	19.4571	98.9901	0	success	18.6951714	98.4462684
Thailand: Chiang Rai	1	19.6813	100.1978	0	success	19.9068867	99.8332739
Thailand: Mae Hong Son	2	17.8407	97.83525	14952.3	success	19.3927456	98.2031112
USA: AK, Denali	88	68.30321747727265	-149.56479827272722	492559.3	success	63.069115	-151.006239
USA: AK, Fairbanks North Star	89	64.87590404494385	-147.81119078651705	34152.2	success	64.8649039	-146.7751619
USA: AK, North Slope	85	68.78496129411756	-149.99362051764703	374312.4	success	69.5335129	-153.8220681
USA: AK, Southeast Fairbanks	4	63.88112	-145.75136	0	success	63.9412119	-143.7303712
USA: AL, Baldwin County	1	31.023528	-87.685278	0	success	30.5677527	-87.7324392
USA: AL, Bibb	6	32.95047	-87.393259	0	success	32.971079	-87.1227088
USA: AL, Choctaw	8	31.853861	-88.161181	0	success	31.9908095	-88.2821326
USA: AL, Greene	5	32.541727	-87.803877	0	success	32.8620514	-87.9915392
USA: AL, Weeks Bay	1	30.415833	-87.818611	0	success	30.3952571	-87.8320161
USA: AZ, Pima	4	31.91068	-110.83549	0	success	32.1112624	-111.6546163
USA: Aiken, South Carolina	1	33.3377	-81.7181	0	success	33.5733017	-81.7680515
USA: Alabama	13	32.40540384615384	-87.70106	148961.6	success	33.2588817	-86.8295337
USA: Alabama, Black Warrior River	5	32.541031600000004	-87.79804240000001	161.0	success	33.0230188	-87.6316267
USA: Alabama, Dead Lake	61	32.53474652459017	-87.81054763934429	1323.1	success	30.8887396	-87.9914339
USA: Alabama, Mayfield Creek	44	32.960476181818166	-87.40773663636354	131.7	success	32.9550101	-87.4082325
USA: Alabama, Talladega National Forest	173	32.94442105202312	-87.41980669942193	5673.8	success	32.9349471	-87.3948069
USA: Alaska	17	60.415657294117636	-145.01000717647057	5088646.9	success	64.4459613	-149.680909
USA: Alaska, Caribou Creek	27	65.15319733333331	-147.503607074074	76.4	success	61.8343419	-147.6611048
USA: Alaska, Coldfoot	38	67.054281	-150.3383279999999	0.0	success	67.234505	-150.0594836
USA: Alaska, Delta Junction	117	63.86848653846147	-145.74784469230767	4152.9	success	64.0373478	-145.732157
USA: Alaska, Denali	6	68.62717499999998	-149.590514	0.0	success	63.069115	-151.006239
USA: Alaska, Fairbanks	33	65.16128378848484	-147.48487987272725	111.3	success	64.837845	-147.716675
USA: Alaska, Healy	118	63.87890432203384	-149.22845035593215	3677.8	success	63.950262	-149.0258707
USA: Alaska, Oksrukuyik Creek	31	68.6697370645161	-149.1430962903226	19.1	success	68.723141	-149.0165966
USA: Alaska, Seymour Canal	3	57.6	-133.9	0	success	57.5333333	-133.8333333
USA: Alaska, Sitka Sound	1	56.9	-135.6	0	success	56.9727778	-135.4908333
USA: Alaska, Toolik	36	68.66045	-149.37012999999996	0.0	success	68.632582	-149.6073465
USA: Alaska, Toolik Field Station	136	68.63100237499998	-149.44152907352938	8633.6	success	68.6276503	-149.5942706
USA: Alaska, Toolik Lake	20	68.63194000000001	-149.60427475000003	1008.1	success	68.632582	-149.6073465
USA: Alaska, Utqiaġvik	27	71.26751922222223	-156.56872355555555	9584.0	success	71.2905366	-156.78844
USA: Albuquerque, New Mexico	1	35.1986	-106.643	0	success	35.0866327	-106.6202094
USA: Alvord, Texas	1	33.3783	-97.7833	0	success	33.3541879	-97.6944884
USA: Arizona	6	33.01410416666667	-112.98836816666666	218622.7	success	34.395342	-111.763275
USA: Arizona, Santa Rita Experimental Range	112	31.87720149107143	-110.84601077678575	10910.2	success	31.8334182	-110.8528643
USA: Arizona, Sycamore Creek	20	33.75097695	-111.50809594999996	10.4	success	33.7482705	-111.5121966
USA: Athens, Georgia	1	33.955686	-83.437674	0	success	33.9418919	-83.4500546
USA: Austin, Texas	2	30.2502675	-97.7094495	8.9	success	30.1666085	-97.789011
USA: Avondale, Pennsylvania	2	39.8587	-75.7836	98.7	success	32.0523486	-81.0635201
USA: Benson, Utah	1	41.720847	-111.8865	0	success	45.3160042	-95.6023298
USA: Benton City, Washington	1	46.253	-119.4772	0	success	46.2631897	-119.487802
USA: Blacksburg, Virginia	1	37.2101	-80.4451	0	success	37.2219268	-80.4272818
USA: Blue River, Oregon	1	44.2605	-122.1642	0	success	44.1538852	-122.3387709
USA: Boise, Idaho	1	43.1231	-116.7745	0	success	43.6177695	-116.1996904
USA: Burlington, Massachusetts	2	42.52343225	-71.18511004999999	27.9	success	39.9140489	-74.5619433
USA: CA, Fresno	5	37.03337	-119.26219	0	success	36.7394421	-119.78483
USA: CA, Madera	6	37.10878	-119.73227999999999	0.0	success	37.1716264	-119.7737991
USA: CA, San Diego	16	32.5	-117.25	0	success	32.7174202	-117.162772
USA: CO, Boulder	6	40.05425	-105.58236999999998	0.0	success	40.0149856	-105.270545
USA: CO, Logan	6	40.461894	-103.02928999999999	0.0	success	40.7250975	-103.1221379
USA: CO, Weld	6	40.815536	-104.74559	0	success	40.5632344	-104.4835287
USA: California	129	35.37793593023259	-120.17427697674435	543296.9	success	36.7014631	-118.755997
USA: California, Anza Borrego Desert State Park	2	33.305325	-116.254011	0	success	33.0955354	-116.3018977
USA: California, Berkeley	127	37.857351635678796	-122.28477096558389	3742.7	success	37.8708393	-122.272863
USA: California, Davis	183	38.53745420765033	-121.77354863387941	56860.9	success	38.5435526	-121.739005
USA: California, La Jolla Cove	2	32.85047778	-117.2705806	0	success	32.850501	-117.2730372
USA: California, San Joaquin Experimental Range	118	37.109514322033924	-119.73700016101697	3021.6	success	37.1027423	-119.7331623
USA: California, Santa Catalina Island	3	33.44520833	-118.4855722	0	success	33.3889037	-118.4239288
USA: California, Scripps Coastal Reserve	4	32.8696708325	-117.25990762499998	368.4	success	32.8670532	-117.2541464
USA: California, Soaproot Saddle	28	37.033897214285716	-119.26492449999999	1536.3	success	37.0279271	-119.254571
USA: Cincinnati, Ohio	1	39.2386	-84.7123	0	success	39.08309	-84.3717683
USA: Colorado	65	39.13984145947694	-106.64439297552309	366705.1	success	38.7251776	-105.607716
USA: Colorado, Arikaree River	49	39.758224734693854	-102.44732518367353	109.6	success	39.8310178	-102.2790494
USA: Colorado, Boulder	15	40.01499999999999	-105.27	0.0	success	40.0149856	-105.270545
USA: Colorado, Como Creek	34	40.03495832352938	-105.5442022352941	19.0	success	38.5218791	-106.2448435
USA: Colorado, Niwot Ridge	156	40.04771232051282	-105.57198632692314	2248.5	success	40.0564693	-105.6308551
USA: Colorado, North Sterling	105	40.46740191428575	-103.02668545714289	1634.3	success	40.7732324	-103.2887026
USA: Colorado, Rocky Mountain National Park	2	40.20332	-105.480967	0	success	40.3553915	-105.7176957
USA: Colorado, Rocky Mountains	56	40.22867796428573	-105.52730623214286	7963.2	success	39.7271888	-104.9991566
USA: Colorado, San Juan County, Animas River	10	37.250923	-107.876709	73911.1	success	37.7313232	-107.659357
USA: Colorado, Ute Mountain	2	37.158791664999995	-108.70508335	4802.7	success	37.2841604	-108.778711
USA: Columbia River, Washington	85	46.37243489152938	-119.27194855647069	155.3	success	45.5901679	-122.503438
USA: Connerville, Oklahoma	1	34.4425	-96.6225	0	success	34.4475921	-96.6361153
USA: Cordesville, South Carolina	1	33.1307	-79.8101	0	success	33.1321144	-79.8834131
USA: Crested Butte, Colorado	1	38.9223	-106.9514	0	success	38.8684666	-106.9812372
USA: Cross Plains, Wisconsin	1	43.1091	-89.6403	0	success	43.1116968	-89.6452197
USA: Edgewater, Maryland	1	38.8749	-76.5464	0	success	38.943562	-76.5672549
USA: Elkton, Oregon	1	43.6367	-123.5719	0	success	43.6370577	-123.567384
USA: FL, Eglin Air Force Base	1	30.666667	-86.65	0	success	30.5776961	-86.5139603
USA: FL, Osceola	6	28.125049999999998	-81.43619	0.0	success	28.0443842	-81.1437541
USA: FL, Putnam	6	29.689281999999995	-81.993431	0	success	29.6266155	-81.7230549
USA: Fairbanks, Alaska	1	64.8556	-147.8055	0	success	64.8653408	-147.8426097
USA: Fisher, Illinois	1	40.3108	-88.3227	0	success	40.3147555	-88.3500541
USA: Flamingo, Florida	1	25.4098	-80.9642	0	success	25.1419409	-80.9227989
USA: Florida	4	28.814414999999997	-84.002635	483428.9	success	27.7567667	-81.4639835
USA: Florida, Disney Wilderness Preserve	94	28.08153712765957	-81.41564247872337	5270.2	success	28.087033	-81.4031241
USA: Florida, Lake Barco	6	29.676025833333338	-82.00829450000002	171.2	success	29.6763616	-82.0083659
USA: Florida, Lake Suggs	11	29.68716609090909	-82.01851090909092	230.7	success	29.6876426	-82.0177884
USA: Florida, Ordway Swisher Biological Station	2	29.691389	-81.988611	0	success	29.7025773	-81.9834412
USA: Florida, Ordway-Swisher Biological Station	156	29.695535314102564	-81.97930141666663	4471.6	success	29.7025773	-81.9834412
USA: Florida, South Florida Museum	2	27.5	-82.57	0	success	27.4982631	-82.5715558
USA: Ft. Bragg, California	1	39.3623	-123.7348	0	success	39.4405108	-123.7839873
USA: Georgia	10	31.9807671	-82.3256071	242856.5	success	32.3293809	-83.1137366
USA: Georgia, Flint River	4	31.184609	-84.438438	0	success	32.2294649	-84.0579419
USA: Georgia, The Jones Center At Ichauway	98	31.194643979591834	-84.46440451020406	1261.9	success	31.2408992	-84.4775134
USA: Gunnison, Colorado	2	38.5446415	-106.9502085	19.3	success	38.5503302	-106.9191659
USA: Hawaii, Kilauea Volcano	21	19.38927757142857	-155.24901185714288	194.3	success	19.4138647	-155.275811
USA: Idaho	6	43.385690600000004	-116.38171	43173.0	success	43.6447642	-114.015407
USA: Idaho City, Idaho	1	43.6481	-115.9889	0	success	43.6177695	-116.1996904
USA: Idalia, Colorado	1	39.7585	-102.4491	0	success	39.7038813	-102.2938052
USA: Illinois	18	40.94861333333333	-94.02330277777777	1118306.5	success	40.0796606	-89.4337288
USA: Indiana	8	38.310249999999996	-87.7457	26276.1	success	40.3270127	-86.1746933
USA: Iowa	11	41.2743090909091	-91.0558909090909	97180.6	success	41.9216734	-93.3122705
USA: Iowa, Ames	696	42.01299999999978	-93.7430000000008	0.0	success	42.0267567	-93.6170448
USA: KS, Riley	12	39.105610000000006	-96.58800500000001	2217.4	success	39.3026347	-96.7709339
USA: Kansas	8	39.056612375	-96.55395562500001	15506.3	success	38.27312	-98.5821872
USA: Kansas, Kings Creek	37	39.105062081081066	-96.6037692702703	33.0	success	39.1173433	-96.6138904
USA: Kansas, Konza Prairie Biological Station	155	39.09967140645161	-96.55934283870974	2752.2	success	39.1002012	-96.576798
USA: Kentucky	3	37.0378	-88.5294	0	success	37.5726028	-85.1551411
USA: Lake Mendota, Wisconsin	40	43.09899999999998	-89.40500000000007	0.0	success	43.1378596	-89.3946927
USA: Logan, Utah	2	41.835499999999996	-111.73339999999999	17997.5	success	41.7526959	-111.808733
USA: Louisiana	14	30.320514285714292	-91.20599285714285	128911.6	success	30.8703881	-92.007126
USA: MA, Harvard Forest	3	42.510139	-72.212583	0	success	42.5366748	-72.1810985
USA: MA, Worcester	4	42.53691	-72.17265	0	success	42.2625621	-71.8018877
USA: MD, Anne Arundel	6	38.890131	-76.56001400000001	0.0	success	38.9722583	-76.573454
USA: MI, Gogebic	6	46.23391	-89.537254	0	success	46.403433	-89.6626791
USA: Maryland	10	39.22334595	-76.61629038	61455.2	success	39.5162401	-76.9382069
USA: Maryland, Smithsonian Environmental Research Center	32	38.88510296875	-76.55187209374999	2415.7	success	38.8793738	-76.5577299
USA: Massachusettes	3	42.7696832	-70.916893	0	success	41.1584053	-80.7184304
USA: Massachusetts	5	41.83834	-70.6262	157185.8	success	42.3788774	-72.032366
USA: Massachusetts, Hampden County	6	42.17566	-72.7	0	success	42.1285315	-72.6063441
USA: Massachusetts, Massachusetts Bay	8	42.419019	-70.90454799999999	0.0	success	42.3750987	-70.7494879
USA: Massachusetts, Norfolk County	8	42.06	-71.37761	0	success	42.1538607	-71.1828015
USA: Massachusetts, Petersham	42	42.48101599999997	-72.17834300000003	0.0	success	42.4883041	-72.1866162
USA: Massachusetts, Peterson Farm	2	41.553175	-70.639839	0	success	41.5531322	-70.6386257
USA: Massachusetts, Plum Island	7	42.737658714285715	-70.83742685714286	1869.1	success	42.758979	-70.8017548
USA: Mesa, Arizona	1	33.7508	-111.5081	0	success	33.4127579	-111.8196718
USA: Michigan	14	46.32147619142857	-87.60843714571429	472228.6	success	43.6211955	-84.6824346
USA: Michigan, Delton	1176	42.513502408163674	-85.44673853061391	199218.1	success	42.4997581	-85.4080641
USA: Michigan, Escanaba	216	45.76327400000008	-87.18768099999973	0.0	success	45.7455707	-87.0647434
USA: Michigan, Houghton	24	47.11490000000001	-88.54760000000005	0.0	success	46.8591287	-88.7774734
USA: Michigan, Kellogg Biological Station	192	42.39000000000014	-85.37000000000035	0.0	success	42.4118364	-85.3877345
USA: Michigan, Lake City	744	44.29609799999959	-85.19962459677295	4.6	success	44.335287	-85.215046
USA: Michigan, University of Notre Dame Environmental Research Center	161	46.23908880124227	-89.53470170807454	4656.4	success	46.232455	-89.5204851
USA: Middleton, Wisconsin	1	43.14501	-89.472992	0	success	43.0893229	-89.5293598
USA: Mississippi	3	32.374500000000005	-90.91303333333333	7739.8	success	32.9715285	-89.7348497
USA: Missouri	3	37.7142	-90.12450000000001	159481.2	success	38.7604815	-92.5617875
USA: ND, Morton	6	46.76972	-100.91535	0	success	46.7244733	-101.1644543
USA: ND, Stutsman	12	47.144925	-99.173947	5425.9	success	46.9596318	-98.9742609
USA: NH, Carroll	4	44.063889	-71.287375	0	success	43.8778199	-71.2740836
USA: NM, Dona Ana	6	32.59069399999999	-106.84254	0.0	success	32.32817	-106.849423
USA: Nebraska	7	41.1544	-96.02329999999999	19143.2	success	41.7370229	-99.5873816
USA: Nederland, Colorado	1	40.0349	-105.5439	0	success	39.9613759	-105.510831
USA: New Hampshire, Bartlett Experimental Forest	45	44.0536355333333	-71.27940273333336	2297.2	success	44.060006	-71.2978166
USA: New Hartford, Connecticut	1	41.869567	-73.00222222	0	success	41.8783741	-72.9808857
USA: New Kent, Virginia	1	37.5728	-77.0239	0	success	37.4974701	-76.9990453
USA: New Mexico	6	35.2275515	-106.63587833333334	71906.2	success	34.5802074	-105.996047
USA: New Mexico, Algodones	1	35.41631667	-106.405	0	success	35.3806512	-106.4792491
USA: New Mexico, Bloomfield	2	36.431975	-107.87655000000001	15166.8	success	36.7111165	-107.984511
USA: New Mexico, Cuba	1	36.07133333	-107.0339833	0	success	36.0199355	-106.9513567
USA: New Mexico, Jornada Experimental Range	29	32.59802958620689	-106.83212879310346	4482.1	success	32.2804637	-106.7570046
USA: New Mexico, Los Alamos	36	35.880000000000024	-106.30310000000006	0.0	success	35.88137	-106.298959
USA: New Salem, Massachusetts	1	42.47179	-72.33027	0	success	42.5035591	-72.3324849
USA: New York	11	43.06531636363637	-74.52590636363637	216873.5	success	40.7127281	-74.0060152
USA: New York, Ithaca	9	42.44	-76.5	0	success	42.4374175	-76.5483724
USA: Newbury, Massachusetts	1	42.7688065	-70.9164986	0	success	42.7819388	-70.9232731
USA: Newton, Georgia	1	31.1858	-84.4372	0	success	33.5715512	-83.8446101
USA: North Carolina	64	35.832318750000006	-78.88156874999994	38279.7	success	35.6729639	-79.0392919
USA: North Carolina, Chapel Hill	28	35.9077070729901	-79.05064976580981	0.0	success	35.9131542	-79.05578
USA: North Dakota, Chase Lake National Wildlife Refuge	150	47.13192390666667	-99.24646606	2465.4	success	47.0073926	-99.4455091
USA: North Dakota, Prairie Lake	10	47.15987009999999	-99.11782210000001	285.2	success	47.1597581	-99.1178403
USA: North Dakota, Prairie Pothole	10	47.130468900000004	-99.25331099999998	202.2	success	47.1296101	-99.2530647
USA: North Slope Borough, Alaska	1	68.6272	-149.5972	0	success	70.2201616	-146.4943947
USA: North Woodstock, New Hampshire	1	43.9547	-71.7227	0	success	44.0313095	-71.6868203
USA: OK, Washita	4	35.410599	-99.058779	0	success	35.2917033	-98.9966972
USA: Oak Ridge, Tennessee	3	35.9629249	-84.331832	4810.6	success	35.9377555	-84.3940554
USA: Ohio	27	40.038838196296304	-81.61216633333335	279964.8	success	40.2253569	-82.6881395
USA: Oklahoma	1	34.44205	-96.6227	0	success	34.9550817	-97.2684063
USA: Oklahoma, Blue River	29	34.44445599999999	-96.62408244827591	459.3	success	33.9704233	-96.1987438
USA: Oregon	425	45.27064438985877	-123.21496405882354	206636.2	success	43.9792797	-120.737257
USA: Oregon, Benton County	4	44.6243775	-123.21415075	2724.3	success	44.494937	-123.4065679
USA: Oregon, Boardman	64	45.83986000000003	-119.7005799999999	0.0	success	45.839855	-119.700583
USA: Oregon, Clatskanie	1	46.121307	-123.269236	0	success	46.1036879	-123.2048168
USA: Oregon, Coos County	1	43.2122	-124.35476	0	success	43.2184144	-124.109621
USA: Oregon, Crook County	1	43.97827	-119.879203	0	success	44.1460291	-120.3839476
USA: Oregon, Deschutes County	1	43.410408	-119.630923	0	success	43.8194838	-121.1669662
USA: Oregon, Grant County	1	44.57589	-118.29807	0	success	44.464824	-119.0565278
USA: Oregon, Harney County	1	42.26074	-118.60881	0	success	43.055195	-119.0240263
USA: Oregon, Jackson County	1	42.311278	-122.983444	0	success	42.398015	-122.7540948
USA: Oregon, Josephine County	1	42.237306	-123.654694	0	success	42.3554368	-123.5602707
USA: Oregon, Klamath County	2	43.055229499999996	-121.7668305	19430.5	success	42.6052565	-121.739544
USA: Oregon, Lane County	6	44.228762999999994	-122.18214499999999	1482.1	success	43.9314567	-122.8575849
USA: Oregon, Lincoln County	1	44.52175	-123.7665	0	success	44.6201742	-123.9276915
USA: Oregon, Marion County	1	45.2505	-123.07038	0	success	44.8964425	-122.7203248
USA: Oregon, McRae Creek	18	44.25952677777777	-122.16558811111109	67.0	success	44.2505382	-122.1759844
USA: Oregon, Morrow County	1	45.87244	-119.57654	0	success	45.360901	-119.6052459
USA: Oregon, Sherman County	2	45.20371	-120.61914999999999	5288.7	success	45.3944268	-120.6963746
USA: Oregon, Tillamook County	7	45.106910142857146	-123.886945	41366.3	success	45.460293	-123.7266793
USA: Oregon, Umatilla County	2	45.686475	-119.04638	32881.4	success	45.6416995	-118.7671122
USA: Oregon, Union County	1	45.093472	-117.784667	0	success	45.2680014	-118.0257466
USA: Oregon, Warm Springs	6	44.0	-121.0	0	success	44.7628855	-121.2595919
USA: Oyster, Virginia	1	37.2913	-75.9308	0	success	37.2860709	-75.9240284
USA: Pennsylvania	6	40.362145000000005	-77.26594298333335	138015.3	success	40.9699889	-77.7278831
USA: Plum Island. Massachusetts,	2	42.7403855	-70.83579	772.7	success	42.758979	-70.8017548
USA: Prineville, Oregon	2	44.299997	-120.858198	0.4	success	44.3075487	-120.8376828
USA: Puerto Rico	4	18.12625	-66.93983	15737.5	success	18.2247706	-66.4858295
USA: Puerto Rico, Rio Yahuecas	27	18.17406685185185	-66.79887203703709	89.3	success	18.1742577	-66.7965934
USA: Pullman, Washington	2	46.732314	-117.1805815	24.9	success	46.7304268	-117.173895
USA: Richland, Washington	4	46.530775000000006	-119.368275	19698.4	success	40.4710185	-83.85822
USA: Riverdale, Maryland	1	38.9603	-76.9259	0	success	38.9691931	-76.9159457
USA: Salt Lake City, Utah	2	40.782349999999994	-111.8004	489.7	success	40.7628137	-111.8368719
USA: San Diego Bay, California	7	32.685213999999995	-117.1842292857143	7575.5	success	32.6500534	-117.1341978
USA: Sierra National Forest, California	1	36.9549	-119.0237	0	success	37.2820648	-119.1499896
USA: Simsbury, Connecticut	1	41.8695	-72.7967	0	success	41.8714722	-72.8011856
USA: South Carolina	2	33.234251	-80.7646705	89477.3	success	33.6874388	-80.4363743
USA: South Valley, New Mexico	1	34.950811	-106.681374	0	success	35.0395432	-106.6477579
USA: Sparkling Lake, Wisconsin	46	46.00800000000002	-89.70100000000001	0.0	success	46.008639	-89.7003033
USA: Stabler, Washington	1	45.7922	-121.9299	0	success	45.8085977	-121.9076029
USA: Summerhaven, Arizona	1	32.3273	-110.7595	0	success	32.4447583	-110.7605798
USA: TN, Anderson	4	35.964128	-84.282588	0	success	36.1063226	-84.1849939
USA: TN, Sevier	2	35.68896	-83.50195	0	success	35.8047065	-83.5291901
USA: TX, Wise	6	33.40123	-97.57	0	success	33.2139213	-97.6563925
USA: Tennessee	34	35.849762811764684	-83.9750275882353	45883.1	success	35.7730076	-86.2820081
USA: Tennessee, Great Smoky Mountains National Park	62	35.67452625806452	-83.58842919354842	172880.6	success	35.63422	-83.402366
USA: Tennessee, LeConte Creek	26	35.69076896153845	-83.50391250000001	165.9	success	35.707747	-83.5205215
USA: Tennessee, Oak Ridge	171	35.9526675438596	-84.26471182456126	5713.9	success	36.0103562	-84.2696449
USA: Tennessee, Walker Branch	24	35.95736474999998	-84.27924766666665	16.5	success	35.9523015	-84.2720111
USA: Texas	6	28.863455	-96.573125	515074.5	success	31.2638905	-98.5456116
USA: Texas, Deaf Smith County	6	34.737865	-102.32897266666667	31052.8	success	34.9323974	-102.5983118
USA: Texas, Huntsville	2	30.71308	-95.55	0	success	30.7235263	-95.5507771
USA: Texas, Lubbock County	1	33.505492	-101.961638	0	success	33.5831241	-101.818598
USA: Texas, Lyndon B. Johnson National Grassland	134	33.38861187313432	-97.59131741791036	7597.0	success	33.36984	-97.593456
USA: Toolik Field Station, Alaska	1	68.6427	-149.4034	0	success	68.6276503	-149.5942706
USA: Tyee, Oregon	1	43.4313	-123.5855	0	success	43.4434489	-123.5512015
USA: UT, San Juan	6	38.24828300000001	-109.38827000000002	0.0	success	37.5859438	-109.7852018
USA: UT, Tooele	4	40.177599	-112.45245	0	success	40.4062872	-113.1966394
USA: University of North Carolina	24	35.908199999999994	-79.0499	0.0	success	35.9050353	-79.0477533
USA: Utah	3	41.17103133333333	-111.72939766666667	87520.8	success	39.4225192	-111.714358
USA: Utah, Onaqui	209	40.18348903827752	-112.46596049760753	5479.5	success	40.2106006	-112.5610339
USA: Utah, Red Butte Creek	29	40.78388658620691	-111.79792475862072	29.6	success	40.7776943	-111.8115658
USA: Utah, Salt Lake City	14	40.76835556000002	-111.84626389999995	0.0	success	40.7596198	-111.886797
USA: VA, Clarke	4	39.033698	-78.041788	0	success	39.119728	-77.9926448
USA: VA, Giles	3	37.378314	-80.524847	0	success	37.3088528	-80.7098781
USA: VA, Warren	4	38.892925	-78.139494	0	success	38.9131907	-78.2096656
USA: Virginia	16	37.930872375	-78.648739375	274141.4	success	37.1232245	-78.4927721
USA: Virginia, Blandy Experimental Farm	62	39.07437404838712	-78.01026308064515	5719.2	success	39.060711	-78.0655341
USA: Virginia, Lewis Run	20	39.095353200000005	-77.98285960000001	176.3	success	38.3051572	-77.6681658
USA: Virginia, Mountain Lake Biological Station	62	37.38258222580644	-80.53261645161288	6119.3	success	37.3637602	-80.5226996
USA: Virginia, Smithsonian Conservation Biology Institute	134	38.8924823731343	-78.14290863432831	2280.5	success	38.8847957	-78.1461968
USA: WA, Clark	6	45.762439	-122.33032000000001	0.0	success	45.7669047	-122.4940866
USA: WA, Skamania	5	45.82049	-121.95191	0	success	45.966211	-121.9278867
USA: WI, Lincoln	12	45.501315000000005	-89.58604000000001	848.3	success	45.3265631	-89.7326216
USA: Washing	2	46.5278	-119.36775	18346.4	success	36.4318202	-84.6347342
USA: Washington	14	47.12039874285715	-118.72687721428572	286287.2	success	38.8950368	-77.0365427
USA: Washington, Abby Road	30	45.75886860000002	-122.3325539	4127.6	success	47.137935	-119.2978422
USA: Washington, Martha Creek	18	45.79100111111112	-121.93330222222224	335.6	success	45.7899062	-121.9362597
USA: Washington, Puget Sound	7	48.08504	-123.036704	0	success	47.7385375	-122.4302753
USA: Washington, Richland, Columbia River	10	46.375936244	-119.27257557	472.5	success	46.2267489	-119.2748696
USA: Washington, Wind River Experimental Forest	108	45.83190374074074	-121.98452924074074	2640.7	success	45.8090043	-121.9823059
USA: West Virginia	4	37.97748	-81.39607	0	success	38.4758406	-80.8408415
USA: Wisconsin	476	43.09982809873968	-89.40591786134411	19090.9	success	44.4308975	-89.6884637
USA: Wisconsin, Crampton Lake	12	46.21038583333333	-89.47634949999998	270.9	success	46.2089904	-89.4754728
USA: Wisconsin, Hancock	180	44.1194169999999	-89.53380599999981	0.0	success	44.133584	-89.523177
USA: Wisconsin, Little Rock Lake	6	45.998703166666665	-89.70465133333335	216.5	success	45.9975994	-89.7052372
USA: Wisconsin, Madison	3	43.078418	-89.386482	0	success	43.074761	-89.3837613
USA: Wisconsin, Oregon	144	42.96611099999996	-89.35611000000016	0.0	success	42.9259657	-89.3842779
USA: Wisconsin, Rhinelander	216	45.66555100000004	-89.21803883333341	4.6	success	45.636623	-89.412075
USA: Wisconsin, Treehaven	64	45.49019278125	-89.57533262499997	1885.8	success	45.4921665	-89.5638439
USA: Woodstock, New Hampshire	1	43.954722	-71.722778	0	success	44.0313089	-71.6868145
USA: Wyoming	5	42.9875	-108.3982	0	success	43.1700264	-107.568534
USA: Wyoming, Blacktail Deer Creek	21	44.950942380952384	-110.58768476190475	325.4	success	44.9249342	-110.5821362
USA: Wyoming, Yellowstone National Park	116	44.951327879310334	-110.53755337068954	10696.0	success	44.6200885	-110.5606893
Ukraine: Chernobyl	110	51.12744541818187	30.15619625454544	69768.0	success	51.2705477	30.2195609
United Kingdom: Arden	1	52.4198	-1.7043	0	success	55.8066303	-4.3307561
United Kingdom: English Channel	12	50.25	-4.22	0	success	50.780805	-0.678208
United Kingdom: Hampton in Arden, England	1	52.4198	-1.7043	0	success	52.4286358	-1.6997231
United Kingdom: Stafford, England	1	52.8006	-2.3046	0	success	52.8542169	-2.2583757
Western Australia: Coral Bay	15	-23.170530133333337	113.76864781333335	3833.4	success	-23.1436752	113.770165
Australia: Queensland, Great Barrier Reef, Davies Reef	51	-18.82256700000002	147.63755000000015	0.0	failed		
Australia: South Pacific Ocean, New South Wales	34	-33.06911364705883	151.80828141176463	190625.1	failed		
Bahamas: Northwest Atlantic Ocean	2	26.545279999999998	-77.87763	2436.5	failed		
Belize: Caribbean Sea	2	16.810695	-88.11465000000001	1879.0	failed		
Israel: Gesher Arik, Golan Heights	1	32.8993	35.6136	0	failed		
Malaysia: Maliau Basin Conservation Area	3	4.732528	116.88444399999999	0	failed		
Mexico: Caribbean Sea, Quintana Roo	3	20.038240000000002	-87.04640666666667	145532.7	failed		
Mexico: Coahuila de Zaragoza, Cuatro Cienegas Basin, Rio Mesquites	1	26.91666667	-102.1	0	failed		
Mexico: Coahuila, Cuatro Cienegas Basin	1	26.91666667	-102.1	0	failed		
Mexico: North Pacific Ocean	8	18.98651125	-107.80178999999998	287610.8	failed		
Northeast Atlantic Ocean: Iberian Abyssal Plain	20	46.68323333	-11.604199999999999	0.0	failed		
Northeast Pacific Ocean: Guatemala Basin	7	6.7365	-91.93433332999999	0.0	failed		
Northern Mariana Islands: Northwest Pacific Ocean	2	15.11822	145.67055	16157.1	failed		
Palau: Philippine Sea, Koror	2	7.2849165	134.49945	3741.2	failed		
Panama: Gulf of Panama, Saboga	7	8.627658757142857	-79.05290077142857	1231.9	failed		
Peru: Puca Glacier	12	-13.773333	-71.07138899999998	0.0	failed		
Republic of Kiribati: Northern Line Islands, Palmyra Atoll	8	5.878406999999999	-162.11657	1416.2	failed		
Russia: Franz Josef Land, Luigi island	1	80.76666667	54.65	0	failed		
Spain: Province of Huelva, Reserva de la Biosfera y Paraje Natural de las Marismas del Odiel	23	37.21093447826087	-6.960468391304347	1180.6	failed		
Spain: Province of Huelva:Reserva de la Biosfera y Paraje Natural de las Marismas del Odiel	1	37.206429	-6.955089	0	failed		
USA: Alabama, Lenoir Landing	62	31.833423967741957	-88.17522783870966	3435.4	failed		
USA: Alabama, Lower Tombigbee River	4	31.85382	-88.1573	0	failed		
USA: Alabama, Talledega National Forest	2	32.950693	-87.392825	0	failed		
USA: Alaska, Caribou-Poker Creeks Research Watershed	129	65.16816551162795	-147.52096211627918	2608.4	failed		
USA: Alaska, Franklin Bluff	12	69.82277999999998	-148.67860999999996	0.0	failed		
USA: California , Lower Teakettle	2	37.00583	-119.00602	0	failed		
USA: California, Kendall-Frost Mission Bay Marsh Reserve	2	32.77924444	-117.2280806	0	failed		
USA: California, Lower Teakettle	18	37.01256049999999	-119.01520727777776	5601.3	failed		
USA: California, Teakettle Creek - Watershed 2	3	36.955224	-119.023553	0	failed		
USA: California, Upper Big Creek	16	37.05933518749999	-119.25714137499997	242.4	failed		
USA: California: Angelo Coastal Reserve	60	39.73919999999999	-123.63079999999992	0.0	failed		
USA: Colorado, Central Plains Experimental Range	204	40.82352801960782	-104.72496280882352	3717.1	failed		
USA: Colorado, West St Louis Creek	28	39.89126714285713	-105.914809	307.1	failed		
USA: Fraser, Colorado	1	39.8907	-105.9116	0	failed		
USA: Georgia, Atlanta Zoo	27	33.73000000000001	-84.36999999999995	0.0	failed		
USA: Hawaii, Puu Makaala Natural Area Reserve	86	19.561250313953487	-155.29095559302328	6553.8	failed		
USA: Idaho, Orchard Combat Training Center: 1983 OCTC Fire Burned	2	43.3055054	-116.2432178	0	failed		
USA: Idaho, Orchard Combat Training Center: 1983 OCTC Fire-Unburned	2	43.3055281	-116.2429905	0	failed		
USA: Iowa, Relay Cover Crop	2	41.3689584	-91.6066851	0	failed		
USA: Iowa, Relay No Cover	2	41.3690394	-91.6065423	0	failed		
USA: Kansas, KU Field Station	90	39.043115700000016	-95.19739039999996	1416.8	failed		
USA: Kansas, Konza Prairie Agroecosystem	53	39.149427132075466	-96.61411124528304	8469.5	failed		
USA: Kansas, McDiffett Creek	24	38.94597633333334	-96.44300966666663	64.3	failed		
USA: Kansas, University of Kansas Field Station	2	39.0407	-95.19161	0	failed		
USA: Los Alamos, NewMexico	1	35.868	-106.5233	0	failed		
USA: Maryland, National Zoo	25	38.92999999999998	-77.04999999999997	0.0	failed		
USA: Maryland, Northwest Baltimore Base of Slope Adelphi	2	38.993891	-76.977789	0	failed		
USA: Maryland, Northwest Baltimore Mid Slope Adelphi	2	38.994073	-76.977954	0	failed		
USA: Maryland, Northwest Baltimore Top of Slope Adelph	2	38.99425	-76.978175	0	failed		
USA: Maryland, Winters Lane Lower Soil Pit	2	39.290382	-76.744543	0	failed		
USA: Maryland, Winters Lane Upper Soil Pit	2	39.290308	-76.74376	0	failed		
USA: Massachusetts, D01 HARV Plot HARV_07	2	42.536689	-72.175706	0	failed		
USA: Massachusetts, Harvard Forest & Quabbin Watershed	192	42.46976896874995	-72.22713135937497	8906.2	failed		
USA: Massachusetts, Lower Hop Brook	30	42.47191433333334	-72.32967773333333	83.2	failed		
USA: Massachusetts, Oak Pine Forest	2	41.551919	-70.635356	0	failed		
USA: Massachusetts, Town of Ludlow	6	42.30844	-71.3412	0	failed		
USA: Minnesota, Marcel Experimental Forest, Spruce and Peatland Responses to Environmental Changes	100	47.50350737000009	-93.47819554999987	1731.7	failed		
USA: North Carolina, Organic legume disk tillage	4	35.383045	-79.736177	153933.9	failed		
USA: North Dakota, Dakota Coteau Field Site	32	47.17329056249999	-99.11435890625002	6755.7	failed		
USA: North Dakota, Northern Great Plains Research Laboratory	26	46.784803538461546	-100.91534246153846	2367.2	failed		
USA: North East Pacific Ocean coastal waters of California	2	34.25	-121.13	0	failed		
USA: North East Pacific Ocean, California	7	33.57	-121.77714285714285	145220.0	failed		
USA: North East Pacific Ocean, San Diego, California	1	32.81	-117.4509	0	failed		
USA: Northeast Pacific Ocean, San Diego, California	4	32.81	-117.4552	1205.6	failed		
USA: Oklahoma, Marvin Klemme Range Research Station	80	35.41218525000001	-99.06075948750001	2227.4	failed		
USA: Pennsylvania, Urban CZO	4	40.016515	-75.0937355	6371.9	failed		
USA: Pennsylvania,Borough of Centralia	10	40.799974000000006	-76.341376216	288.1	failed		
USA: Plum Island, Massachusetts	7	42.732484285714285	-70.84052914285715	1570.5	failed		
USA: Puerto Rico, Guanica Forest	137	17.969824321167874	-66.85898510948907	3633.8	failed		
USA: Puerto Rico, Lajas Experimental Station	57	18.024044157894743	-67.0766652105263	1557.4	failed		
USA: Puerto Rico, Rio Cupeyes	42	18.1131325	-66.98671845238091	320.5	failed		
USA: Scripps Canyon, La Jolla, California	5	32.867225	-117.257596	0	failed		
USA: Tennessee, Oak Ridge National Lab	2	35.96337	-84.28182	0	failed		
USA: Texas, Caddo Lyndon B Johnson National Grasslands	2	33.401641	-97.570431	0	failed		
USA: Texas, Pringle Creek	29	33.37850499999999	-97.78220110344824	64.9	failed		
USA: Trout Bog Lake, Wisconsin	33	46.04099999999996	-89.68600000000002	0.0	failed		
USA: University of North Carolina, Chapel Hill	1	35.9082	-79.0499	0	failed		
USA: Utah, 22UT012 - High Elevation Rock Mountain UT - LeMonte/BYU	2	40.8469346438125	-109.712571123708	0	failed		
USA: Utah, 22UT019 - High Elevation Rock Mountain UT - LeMonte/BYU	2	40.7018370916945	-109.581841189368	0	failed		
USA: Utah, 22UT023 - High Elevation Rock Mountain UT - LeMonte/BYU	2	40.6852929785344	-109.499950239684	0	failed		
USA: Utah, 22UT032 - High Elevation Rock Mountain UT - LeMonte/BYU	2	40.6195637	-109.61135	0	failed		
USA: Utah, Moab	44	38.242758886363646	-109.39318318181815	4336.4	failed		
USA: Virginia, Posey Creek	38	38.894449421052606	-78.14735336842104	93.7	failed		
USA: Washington, Fluxtower location A3	2	46.9216469	-120.658644	0	failed		
USA: Washington, Fluxtower location A5	2	46.9045	-120.6241	0	failed		
USA: Washington, Prosser Irrigated Bare	2	46.251743	-119.728729	0	failed		
USA: Washington, Prosser Non-irrigated Bare	2	46.251755	-119.728843	0	failed		
USA: Wisconsin, Steigerwaldt-Chequamegon	64	45.70324784375	-89.90252809374999	32919.6	failed		
USA: Wyoming, 22WY001	2	44.942634	-109.712562	0	failed		
USA: Wyoming, 22WY003	2	44.016047	-109.143313	0	failed		
USA: Wyoming, 22WY009	2	43.583143	-109.946757	0	failed		
USA: Wyoming, 22WY010	2	43.582587	-109.97175	0	failed		
USA: Wyoming, 22WY015	2	42.581893	-108.751004	0	failed		
